,payment,interest,principal,balance
1,57540961299.00845,45195651200.0,12345310099.008453,552600329900.9916
2,57540961299.00845,44208026392.07933,13332934906.929123,539267394994.06244
3,57540961299.00845,43141391599.524994,14399569699.48346,524867825294.579
4,57540961299.00845,41989426023.56632,15551535275.442131,509316290019.13684
5,57540961299.00845,40745303201.530945,16795658097.477509,492520631921.6593
6,57540961299.00845,39401650553.73274,18139310745.27571,474381321176.3836
7,57540961299.00845,37950505694.11069,19590455604.897766,454790865571.48584
8,57540961299.00845,36383269245.718864,21157692053.28959,433633173518.1962
9,57540961299.00845,34690653881.455696,22850307417.552757,410782866100.6435
10,57540961299.00845,32862629288.05148,24678332010.956974,386104534089.6865
11,57540961299.00845,30888362727.174923,26652598571.83353,359451935517.85297
12,57540961299.00845,28756154841.428238,28784806457.580215,330667129060.27277
13,57540961299.00845,26453370324.821823,31087590974.18663,299579538086.0861
14,57540961299.00845,23966363046.88689,33574598252.121563,266004939833.96457
15,57540961299.00845,21280395186.717167,36260566112.29129,229744373721.67328
16,57540961299.00845,18379549897.733864,39161411401.27459,190582962320.39868
17,57540961299.00845,15246636985.631895,42294324313.37656,148288638007.02213
18,57540961299.00845,11863091040.56177,45677870258.446686,102610767748.57544
19,57540961299.00845,8208861419.886035,49332099879.12242,53278667869.45302
20,57540961299.00845,4262293429.5562415,53278667869.45221,0.0008087158203125
